item code,quantity,purchase rate,sales rate
59BBD7DFAF5B7,12,850,900
,24,900,1000
,36,1000,1100
,48,1066.666667,1200
,60,1141.666667,1300
,72,1216.666667,1400
,84,1291.666667,1500
,96,1366.666667,1600
,108,1441.666667,1700
,120,1516.666667,1800
,132,1591.666667,1900
,144,1666.666667,2000
,156,1741.666667,2100
,168,1816.666667,2200
,180,1891.666667,2300
,192,1966.666667,2400
,204,2041.666667,2500
,216,2116.666667,2600
